Degrowth Policies,,,,
Check out explore.degrowth.net for more resources! ,,,,
Theme,Goal,Objective,Example Instruments,References
Culture & Education,Critical education,Promote emancipatory education,"Teacher training and pedagogy for degrowth
Eco-spirituality
Permaculture and gardening
Public education on sustainable lifestyle choices 
Convert schools into learning communities 
New (emotional) pedagogies
Experiential learning
Critical community and liberation psychology
Library activism 
Degrowth-related magazines or comics
Self-education and communities of practice 
Matrix for Convivial Technology
Spaces for creativity, experimentation and reflection 
Robust ecological education at primary, secondary and tertiary for all
Increased and ongoing education about the damage and legacies of colonialism
Indigenous learning 
Ecopedagogy
Ecocentric education
Education for steady-state and circular economy
Empowerment and liberation
Pluralism in economics education 
Free access to education and information
Promotion of millennium libraries","38, 59, 74, 107, 120, 147, 148, 162, 169, 188, 193, 207, 246, 288, 295, 301, 315, 343, 349, 352, 363, 370, 393, 415, 420, 436, 440"
,,Oppose economic determinism and ethnocentrism,,"3, 5, 20, 50, 74, 391, 406"
,Cultures of sufficiency,,"The Simpler Way
Voluntary Simplicity
Right to simplicity
Living degrowth
Anti-accumulation 
Conception of minimalism 
Interaction ritual theory 
Ancient cynicism
Eco-masculinity
Dépense","2, 3, 11, 14, 21, 34, 50, 60, 67, 74, 85, 124, 131, 134, 139, 145, 152, 153, 164, 179, 221, 269, 292, 318, 319, 320, 330, 334, 340, 387, 404, 406, 407, 408, 411, 414, 415, 424, 428, 446"
,Relational goods,,,"1, 8, 11, 21, 25, 26, 30, 32, 39, 50, 74, 124, 191, 265, 287, 373, 402, 405, 408, 415, 421, 432, 435, 436"
,Restore indigenous and local knowledge,,,"114, 115, 126, 167, 191, 274, 337, 411, 415"
,Ecological class consciousness,,Collective spaces and agendas of solidarity,"5, 25, 39, 104, 256, 257, 413, 415"
,Individual autonomy,Decolonise the social imaginary,,"2, 8, 33, 268, 287, 402, 406, 411"
,,Oppose English-language imperialism,,33
,,Learn to speak multiple languages,,402
,Ecocentrism,,,"74, 281, 370, 408, 413"
Energy & Environment,Reduce environmental pressures,"Diminishing caps on resource use, emissions and pollution","Limit the input of raw materials to production 
Restrict the end-use consumption of energy and resources
Multi-scalar cap where individual and municipal caps are deduced from the national and global maximum (based on per capita ecological footprint, absolute caps on the amount of resources embedded in imported goods and services, connected to ecological or carbon debts) 
Prioritise resource intensive and polluting industries (e.g. petrochemical, steel, iron, automotive, shipbuilding, cement)
Personal energy quotas 
Global democratic “cap and share” program
Targets
Overshoot nations to reduce their biophysical footprint by on average 40–50%
Reduce ecological footprint to less than 1, or 1960–70s levels
75–90% reduction in ecological impacts in the wealthiest regions of the world","1, 11, 15, 17, 22, 23, 30, 38, 60, 99, 127, 145, 177, 269, 284, 287, 311, 304, 316, 327, 330, 355, 359, 376, 387, 388, 390, 399, 400, 401, 405, 407, 408, 409, 410, 416, 420, 429, 436, 442"
,,Ecological tax reform,"Extraction tax 
Carbon tax (e.g. rising to $550/tonne in Canada) 
Natural capital depletion tax 
Divest from unethical industries (e.g. fossil fuels, petrochemicals, nuclear, mining, arms, human rights abuses, etc)","6, 12, 22, 47, 63, 66, 93, 94, 175, 179, 181, 284, 296, 327, 357, 358, 390, 400, 403, 405, 408, 410, 428, 435, 436, 442, 445"
,,Moratoria on resource extraction and big infrastructure,"For example - fossil fuels, nuclear, biomass, incinerators, dams, highways, airports, mining, high-speed trains, roads, space tourism","2, 3, 6, 30, 43, 73, 74, 120, 125, 191, 257, 263, 355, 376, 388, 405, 418, 428, 436"
,,Reduce chemical production and use,,"38, 119"
,,Reduce industrial fishing activities,,"348, 361"
,,Oppose the annexation of resources by corporations and governments,,6
,,Oppose speculative negative emission technologies,For example - bioenergy carbon capture and storage (BECCS),284
,Stop fossil fuels,Diminishing annual global cap and share-based program based on historical responsibility,"Resource-extraction licences based on area, time and volume
Create Global Climate Trust
Create Carbon Maintenance Fee
Create the Hardship Fund 
Tradable energy quotas (shared on equitable per capita basis)
Targets
Reduce fossil fuel emissions by 80–100% by 2050 (∼6% per year)
Reduce to safely below biosphere's carrying capacity","6, 44, 48, 61, 66, 118, 120, 136, 157, 179, 316, 331, 355, 388, 422, 436"
,,Abolish fossil fuel subsidies,Limit the price paid to fossil fuel producers,"44, 120, 352, 390, 410, 436"
,,Phase-out existing fossil fuels,"Begin with hyper-polluting power plants 
Phase out cheap energy to ‘enclave’ smelters and use energy to distribute universal free basic electricity to consumers","51, 311, 322, 436"
,,Nationalise to phase-out fossil companies,,"216, 303, 420"
,Energy democracy,"Ensure convivial, community-owned renewable systems",,"67, 74, 138, 141, 196, 210, 211, 216, 241, 277, 294, 317, 334, 335, 396, 407, 408, 409, 428, 435"
,,Build off-grid systems,,"226, 283"
,,Oppose large-scale renewable systems,,"257, 390"
,Energy sufficiency,Reduce energy demand and use,"Tax industrial energy consumption
Targets
Reduce energy consumption and waste by a factor of 4 (Negawatt scenario)
Decrease total primary energy supply (TPES) by ∼10% on 2015 levels
Share TPES equitably
Global North will reduce energy consumption by 70% between 2010 and 2050 (3%/yr)","2, 6, 9, 11, 34, 42, 47, 67, 123, 216, 303, 390, 405, 407, 408, 409, 412, 419, 420, 428, 436"
,Restore and preserve biodiversity,Legislate the rights of nature,"Rule of ecological law
Strong regulation to stop the commercialization of living organisms and public goods, from patenting of biodiversity and genes to speculation on harvest, ecosystem services and on the life expectancy and death of people 
Transition Practises Incentives (degrowth version of PES)
Coherent national network of marine protected areas","51, 74, 80, 104, 142, 436, 438"
,,Create resource sanctuaries,"Ecological reserves and botanical gardens
Reforestation projects conservation farms and biological reproduction
Memorials for the preservation of knowledge, languages and techniques","43, 120, 179, 436, 443"
,Stable demography,Bottom-up empowerment of women to control their reproductive rights,"Provision of contraception and reproductive health services 
Vocational and educational options for girls and women 
Social policy incentives for smaller nuclear families
Enrichment of relationships between children and adults in the broader extended family structure","16, 22, 51, 74, 179, 295, 330, 403, 406, 407, 409, 422, 436"
,Decolonial environmental justice,,,"275, 313, 356, 371, 406"
,Stop nuclear energy,Phase-out current nuclear energy,Tax nuclear energy production and high-level nuclear waste,"3, 30, 428, 436"
,,Remove subsidies,,120
Finance,Financial democracy,Democratise and decentralise money,"Nationlise banks for social and ecological purposes
Dismantle and decentralise banking and financial institutions (e.g. Wall Street, big banks, stock investment)
Institutionalise full reserve banking
Encourage fiscal disobedience
Carry out regular debt auditing
Create an independent authority to oversee public money creation
Progressive tax on profit and capital accumulation from all sources (e.g. buying and selling of real estate, stocks, foreign currencies, and other financial instruments)
Ban fractional reserve banking
Ban interest on loans
Avoid market mechanisms
Active role of public for providing loans and subsidies to community-owned enterprises
Debt free public money
Demonetisation/decommodification","6, 11, 22, 30, 44, 47, 48, 60, 73, 74, 75, 88, 117, 120, 135, 145, 179, 181, 191, 195, 204, 295, 390, 399, 400, 408, 410, 412, 413, 415, 416, 422, 425, 442"
,,Tax justice for social ecological justice,"Capital gains and capital acquisition taxes
Financial transaction tax (e.g. EU Commission considering €10 per €10,000 transaction)
Abolish tax havens and financial secrecy)
Unitary tax on the profits of transnational firms to restrict tax dumping 
Global standard for international tax and investment policies could be used to curb tax avoidance
Financial disobedience
Debt jubilees","30, 74, 93, 104, 118, 179, 195, 206, 284, 301, 393, 405, 407, 409, 410, 420, 436, 442"
,Ethical and non-speculative finance,"Support non-speculate currencies, credit, and exchange systems","Timebanking
Locally-owned and operated credit unions, banks, and financial services
Cooperative banks
Melting or time-based currencies
Local exchange and trading systems (LETS)
Regional (non-debt) currenciesLocal or regional non-market exchange systems
Ethical bankingLocal mutual-credit systems
Create national local currencies and distribute as a basic income
Non-convertible currenciesRotating savings and credit associations (ROSCAS)
Proof-for-cooperation cryptocurrency
No interest banks
Collective finance","1, 14, 22, 30, 44, 47, 48, 74, 75, 84, 90, 110, 115, 117, 120, 124, 125, 129, 135, 141, 159, 184, 186, 189, 191, 195, 227, 233, 279, 319, 320, 328, 333, 353, 369, 387, 390, 399, 400, 404, 405, 408, 413, 415, 418, 422, 425, 426, 428, 434, 442, 445"
,,Socially responsible and ecologically sensitive investment,"Financing a (decommodified) basic income
Ecological restoration projects
Care services
Small-scale renewable energy systems
Finance a Green New Deal without growth","358, 390, 399, 407, 408, 419"
Food,Sustainable farming,"Institutionalise artisanal, subsistence organic farming",,"3, 15, 68, 71, 94, 154, 212, 254, 283, 318, 320, 330, 334, 377, 380, 392, 396, 397, 408, 417, 428, 436"
,,Promote small-scale farming,"Intensive community, home, and urban gardening
Permaculture streets
Local food shops and coops
Direct sales shops
Regional fishing quotas based on national scope
Recovery of small-agrarian land","141, 154, 166, 196, 263, 318, 319, 320, 330, 347, 350, 378, 382, 383, 392, 408, 415, 417, 428, 435"
,,Restore peasant agroecology,Permaculture,"1, 2, 11, 15, 36, 51, 124, 141, 154, 205, 254, 289, 318, 319, 320, 330, 378, 397, 400, 408, 417, 428"
,Food sovereignty,Develop networks and cooperatives,"Mandate state institutions to procure a proportion of their food from local sources
Short agricultural supply chains
Reduce VAT and other tax exemptions for activities such as home-delivered organic produce parcels, bio-fairs, consumer cooperatives, Municipal markets, supply to restaurants and public catering establishments in the area
Label and tax food miles
Food self-provisioning
Community-supported agriculture
Food policy networks (e.g. food policy councils, food hubs, food boards, food partnerships)","36, 68, 70, 74, 84, 93, 103, 104, 111, 122, 125, 141, 166, 171, 191, 202, 254, 298, 323, 328, 330, 348, 354, 392, 397, 399, 408, 415, 417, 435, 436, 445"
,,Promote seed sharing,"A three-tiered seed-saving system consisting of households, community seed centres and regional seed-preservation centres
Seed sharing festivals
Seed banks","84, 318, 320, 354, 397, 417"
,,Rebuild soil fertility,"Networks of manure storage facilities
Local organic matter banks","318, 320, 397, 408"
,,Land redistribution to peasants and/or landless,Promote returning back-to-the-land,"328, 436"
,,"Phase-out chemical pesticides, fertilisers, and GMOs",,"1, 154, 405, 408, 417, 436"
,Sustainable diets,Normalise the slow food philosophy,,"25, 27, 389, 417"
,,Reduce meat and dairy consumption,,"68, 295, 318, 320, 334, 397, 408, 409, 436"
,,"Eat local, seasonal food","Promote plant-based diets
Introduce organic food in public institutions (e.g. aged care, hospitals, kindergartens, schools, universities, armed forces, etc)","68, 74, 111, 295, 330, 334, 397, 408, 417"
,,End food waste,,"408, 416, 417"
,,Reform agricultural and consumer education,"Farm visits
Outreach, literature  
Practical courses","392, 417"
Governance & Geopolitics,Radical ecological democracy,Decentralise decision-making,"Hold regular deliberative forums
Economic democracyparticipatory budgeting
Voluntary work parties (eg. voluntary committees, working bees and local town meetings)
Multi-level confederational direct democracy
Local direct democracy
Participatory democracy
Small-scale self-organisation with networks of collectives
Citizen-initiated referendums
Scrap representative democracy
Democratic experimentalism","2, 5, 14, 30, 36, 39, 43, 45, 47, 53, 56, 58, 60, 63, 69, 73, 74, 78, 85, 86, 90, 103, 114, 120, 141, 145, 157, 177, 187, 188, 216, 244, 254, 261, 275, 279, 317, 318, 319, 320, 329, 344, 367, 368, 386, 387, 396, 404, 407, 408, 409, 411, 412, 413, 415, 416, 423, 427, 433, 436, 445"
,,Local democratic ownership of public services and resources,Public investment and asset ownership in the energy sector,"60, 390, 396, 403, 405, 437"
,Defend and reclaim the commons,,"Local:
Giveaway shops
Repair cafes
Rent-for-free store
Gift shop
Community gardens
Community-supported agriculture (CSA)
Tool libraries
Open workshops
Citizen self-help groups
Barter clubs
Farmers markets
Cooperatives
Community land trusts
Volunteer community working bees
Bike kitchens
Regional:
Conservation corridors
Community land trusts
Regional CSA
Global: 
Sky Trust 
Creative Commons
Wikipedia","39, 43, 47, 60, 74, 90, 104, 120, 167, 179, 191, 203, 217, 267, 301, 305, 313, 317, 318, 319, 320, 333, 351, 387, 396, 398, 399, 402, 406, 412, 415, 416, 419, 420"
,Dismantle hierarchies,,"General consumption strike
Worker takeovers of metabolic vehicles (e.g. ports, airports, highways, etc)","3, 5, 270, 375, 415"
,Regulate lobbying,,"Balance the power of the Ministry of Finance with respect to other ministries
Cap and public register of political donations
Shut the revolving door between politics and business","26, 43, 118, 407, 421"
,End the military-industrial complex,Less military activity,,"100, 435"
,,Abolish investment in military infrastructure,,120
,Reform international organisations,,,201
Indicators,Alternative indicators of social progress,Abandon GDP and adopt an array of social ecological indicators,,"34, 48, 49, 51, 55, 65, 67, 82, 92, 94, 103, 112, 140, 141, 164, 175, 179, 193, 223, 279, 355, 384, 388, 389, 398, 406, 407, 409, 410, 411, 413, 420, 422"
Inequality,Reduce inequality,"Redistribute land, labour, capital and resources within and between countries","Maximum income cap
Highly progressive income tax (e.g. 100% income tax above maximum needs satisfaction, 94% for incomes over US$200,000 like during WW2 in the US, eliminate basic income tax, increase top bracket to 90% for income and non-essential consumption)
Reparations for ecological debt (including biopiracy, carbon, corporate and waste debt)
Tax and/or cap and/or abolish inheritance (e.g. cap inheritance at €1 million (US$1.3 million), which equates to a work free monthly salary of $10,000 birth to death)
Highly progressive wealth tax
Minimum living wage
Maximum wealth cap
Maximum income ratios (e.g. 6.5:1, 10:1, 15:1, 20:1)
Highly progressive consumption tax
Cancel odious debt and debt moratoriums
Crackdown on tax havens and tax flight
Negative income tax
End ecological exchange
Global minimum corporate tax
Wealth related tax structure
Land reform
Direct transfers
Implement anti-corruption policies
Restore stolen land to its Indigenous caretakers in reconciliation
Progressive cap-and-dividend schemes","6, 10, 22, 30, 32, 34, 47, 48, 50, 51, 57, 62, 65, 67, 74, 82, 93, 104, 114, 115, 118, 120, 156, 158, 168, 179, 181, 193, 194, 206, 221, 227, 245, 260, 266, 284, 285, 287, 301, 311, 312, 335, 344, 359, 361, 367, 369, 376, 382, 390, 391, 393, 394, 396, 400, 404, 405, 407, 408, 409, 410, 413, 415, 416, 418, 420, 428, 429, 435, 436, 442, 445"
,Eradicate poverty,Guarantee the universal provisioning of fundamental human needs,"Universal basic income (e.g. transition income, unconditional basic income, unconditional minimum income, basic income, citizens income, unconditional autonomy allowance)
Equitable access to physical, mental, and social healthcare
Universal provision of basic public services (e.g. electricity, housing, public infrastructure, state services, free consumption goods)
Universal basic vouchers (e.g. quasi-currency vouchers, commons-innovation vouchers, shift vouchers, needs vouchers)
Transform private to public pension systems
Doctors trained in natural medicine and environmental effects on health","6, 7, 30, 34, 48, 51, 54, 61, 67, 74, 85, 104, 115, 118, 120, 140, 153, 156, 168, 173, 181, 188, 193, 194, 195, 221, 249, 252, 266, 272, 275, 284, 287, 295, 312, 325, 338, 357, 358, 360, 364, 390, 396, 399, 400, 406, 407, 408, 410, 415, 416, 418, 419, 420, 422, 428, 429, 435, 436, 442"
,Transformative justice,,"Promote alternatives to incarceration (e.g. rehabilitation and social programs)
Oppose all forms of racism (i.e. be anti-racist)
Implement restorative justice measures
Dismantle colonialism and its structures
Free access to legal services for all
Redefine the principles of discrimination and equality embedded in human rights law","81, 160, 245, 250, 301, 396, 407, 408, 409"
Production & Consumption,Socially useful production,Worker-owned production systems,,"24, 39, 50, 86, 88, 99, 101, 114, 193, 204, 230, 255, 256, 282, 323, 390, 407, 408, 411, 420"
,,Dismantle large corporations,"For example - begin by scaling down most socio-ecologically destructive sectors (e.g. the production of SUVs, arms, beef, private transportation, advertising and planned obsolescence)","2, 22, 0358"
,,Direct activism and sabotage,For example - anti-capitalism malware program,163
,Democratic not-for-profit models,Not-for-profit cooperatives,"Institutionalise not-for-profit as the standard
Tax incentives for cooperatives
Preference to obtain public sector contracts","30, 47, 73, 86, 117, 120, 125, 179, 188, 192, 195, 216, 225, 227, 239, 248, 254, 277, 300, 310, 314, 318, 320, 328, 347, 348, 357, 374, 377, 379, 382, 386, 387, 398, 399, 400, 404, 410, 411, 415, 420, 428, 429, 442, 445"
,,Self-production,"Encourage do-it-yourself, artisan, craft and hand tool production
Promote makerspaces, fablabs, hackerlabs, creativity studios, benchtop manufacturing
Extend public financial support, subsidies, tax exemptions and grants to promote mutual aid","47, 52, 60, 112, 145, 176, 185, 226, 286, 319, 330, 377, 387, 400, 404, 408, 411, 415, 420, 434, 437"
,,Smaller business,"Promote hobby enterprises, small privately-owned businesses, community-based social enterprises","36, 60, 84, 94, 99, 130, 132, 247, 269, 347, 348, 387, 411, 429, 435, 442"
,,Commons-based peer production,"Design global manufacture local
Digital commons
Collaborative production
Creative commons licence (e.g. github)","137, 226, 229, 247, 377, 415"
,Relocalise economic activities,,,"1, 19, 32, 60, 70, 77, 86, 95, 96, 98, 99, 116, 132, 145, 168, 188, 200, 217, 227, 279, 285, 286, 328, 330, 376, 377, 382, 396, 404, 405, 406, 408, 411, 415, 418, 428, 432, 436, 437, 444"
,Limit advertising,Regulate advertising,"Limit advertising in public spaces
Public control of advertising and media
Resource-intensive leisure consumption (e.g. long-distance vacations)
Eliminate tax write offs for advertising
Restrict adverts to fundamental human needs and self-realisation only
Mortgages and large houses","1, 22, 30, 67, 93, 99, 120, 174, 179, 188, 214, 376, 386, 396, 400, 404, 405, 410, 412, 416, 420, 428, 436, 445"
,,Ban advertising,BillboardsAdvertising of children's toys or fossil fuels,"30, 93, 120, 214, 327, 386, 404, 416, 420, 428"
,,Tax advertising,"Tax unhealthy and unsustainable products (e.g. junk food, fossil fuels, automobiles, aviation, etc)","30, 93, 120, 214, 386, 393, 410, 428"
,Lifestyles of sufficiency,Reduce conspicuous consumption,,"35, 60, 131, 145, 187, 318, 319, 320, 345, 352, 393, 408, 411, 430, 441, 445"
,,"Promote shared, sufficiency consumption",,"82, 89, 93, 94, 108, 117, 120, 149, 155, 179, 192, 218, 227, 295, 309, 332, 393, 408, 415, 441, 442"
,Reduce waste,Ban planned obsolescence,,"115, 179, 218, 253, 390, 401, 405, 416, 424"
,,Mandate environmental impact assessments,"Billboards
Advertising of children's toys or fossil fuels","10, 89, 234, 324"
,,Mandatory recyclability,Mandatory long-term warranties,"32, 115, 390"
,,Guarantee the right to repair,"For example - at repair cafés, tool libraries, open workshops, bike kitchens","165, 203, 390, 416, 420, 424, 435"
,,Mandate ecological footprint labelling,,"67, 376, 408"
Science & Technology,Technological sovereignty,Reassess the role of technology,"Stringent criteria for the deployment of any climate engineering (e.g. solar radiation modification, NETs, NBS, etc) and ban if strict social-ecological criteria not met (i.e. sulphate aerosol deployment, bio-energy with carbon capture and storage)
Only allow afforestation under specific conditions
Ethos of releasement (i.e. of technological practice)","11, 211, 213, 216, 218, 222, 229, 236, 408, 428"
,,Moratorium on and reorient technoscientific innovation,,"11, 238, 405, 408"
,,Activist-led science,,"74, 125, 166, 415"
,,Reduce patent monopolies to a minimum,,168
,Convivial tools,Promote convivial technologies,Matrix for Convivial Technology,"17, 200, 203, 211, 220, 226, 237, 246, 251, 253, 333, 335, 401, 406, 408, 411, 415, 418, 428, 436"
,,Encourage technological (re)appropriation,"Repurpose military facilities to produce socially useful and ecologically sensitive goods
Create digital commons (e.g. copyleft, Creative Commons, Cybersyn, Wikipedia, etc)
Limit the use of ICT, digital devices and professional services (e.g. self-tracking)
Re-structure social media from privately owned in hierarchical power relations to a common or public good
Open-source drug networks","17, 203, 220, 226, 333, 401, 436"
Tourism,Limit tourism,"Limit fossil-fuel based travel, especially high carbon and distant","Reduce passenger travel levels, especially in sensitive areas (e.g. World Heritage Sites, national parks)
Regulate and tax full environmental cost of travel (esp aviation) and tourism development
Implement and/or increase tourist taxation
Replace (faster) aviation with (slower) boats
Ban or restrict the arrival of mega-cruise ships
Progressive taxation based on ship size and passengers
Develop local ‘cruise’ fleet
Reduce shipping activities","8, 27, 29, 32, 91, 113, 161, 271, 341, 342, 361, 381, 385, 408, 411, 428"
,,Promote slow tourism,"Unlearning of travelling consumption and a consequent change of mentality in the world consumer class regarding their search for speed, elitism and social privilege
Develop voluntary and mandated environmental standards at various scales of governance
Adopt lifecycle analysis for all tourism activities (e.g. infrastructure, transport, products, etc)
Relocalisation schemes
Ethical consumption measures
Develop International Cittaslow network (∼50,000 population requirement)
Restrict platform capitalism (e.g. AirBnB)
Promote decentralised platform cooperative models","8, 27, 29, 106, 113, 161, 341, 354, 361, 389, 411"
,,Moratorium on tourism developments,,"133, 161, 296"
,Rethink tourism,Local cooperative ownership,"Community-based tourism
Ecotourism
Fair and pro-poor tourism
Rural community tourism
Dignified working conditions
Not-for-profit social enterprises
Tourism cooperatives (including worker reappropriated coops)
Slow tourism
Staycations","106, 161, 259, 262, 271, 285, 293, 296, 300, 307, 341, 411"
,,Detailed spatial planning,"Regulate land cover and land use
Coherent management of heritage and destinations","161, 259, 296, 361, 412"
,,Prioritise the right to live over the right to travel,"Oppose the UNWTO proposal to turn tourism into a human right
Redefine legal definition of tourism, proposal being “the tourism should be better defined as the voluntary hosting of visitors in local communities for the benefit of locals”
Scrap or re-charter both the Office for International Migration and the UNWTO to favour equity, justice, residents, refugees and the environment over holidays, wealth and the ability to pay
Provision of penalties for excessive consumption and squandering (e.g. promote tourism sufficiency)","259, 271, 278, 285, 302, 412"
,,Tourism education,,"285, 293, 342, 411"
Trade,Limit long-distance trade,,"Export quotas
Transition road freight to electric train
Reduce transport demands, especially aviation
Establish cooperative port systems with traffic limits
Reduce exports
Reduce intra-industry trade between similar countries
Shorter supply chains","19, 120, 206, 345, 346, 357, 375, 403, 420, 428, 435, 436"
,Rethink trade,Renegotiate trade agreements and intellectual property rights,"World Trade Organisation, especially agriculture subsidies
Trade-Related Aspects of Intellectual Property Rights (TRIPS) of the WTO
Ease or ‘commonify’ patents","206, 420"
Urban Planning,Housing sufficiency,Promote shared housing,"Eco-villages
Cohousing and housing cooperatives
Transition towns
Squatting
Eco-communes
Urban villages
Multigenerational housing
Neo-monasticism
Tiny housing","12, 14, 18, 22, 32, 67, 72, 73, 74, 90, 99, 104, 117, 120, 121, 124, 125, 146, 168, 176, 178, 186, 191, 192, 227, 287, 318, 319, 334, 335, 350, 366, 387, 393, 399, 400, 402, 404, 405, 408, 409, 412, 415, 418, 431, 445, 446"
,,"Prioritise small, highly self-sufficient communities","Heating and cooling: 
Extra insulation
Invest in efficient appliances (e.g. small fridge, esky, solar panels, electrify all gas)
Close gaps around doors and windows
Plant west-facing grapevine for cooling
Install thick curtains
Dress appropriately
Energy:
Instal solar panels
Small biogas digester
Food:
Edible landscapes and food forests
Solar oven
Guerilla gardening
Low meat diet
Water:
Solar shower bags
Electric heat pump
Washing lines and handwashing
Rainwater harvesting
Reclaimed water reuse
Waste:
Return ALL human, animal, food and farm scraps to soil via composting
Transport:
Active transport (e-bikes, cycling, walking)
Convert roads for active transport only
Building using earth
Progressive tariff structure for water and electricity
Promote solidarity based exchanges and networks
Teach and practice permaculture principles","60, 73, 74, 76, 90, 104, 105, 114, 124, 125, 135, 141, 145, 149, 176, 178, 183, 185, 186, 192, 196, 200, 206, 227, 280, 318, 319, 320, 326, 330, 333, 387, 390, 405, 407, 408, 409, 412, 415, 420, 434, 445"
,,Common and sharing facilities,"For example - shared cars, community spaces, tools, food gardens, kitchen, cooking, leisure, free or low- cost provision of safe, low-energy kitchen equipment, neighbourhood sharing facilities
Shift from ownership to usership","18, 48, 74, 141, 327, 396, 408, 412, 415, 416, 420, 422, 445"
,Just mobility,Reduce fossil and motorised mobility,"Limit automobiles at city level and within households
Convert suburban roads to commons
Introduce environmental taxes
Reduce urban speed limits
Reduce parking space availability
Close roads to cars in city centres
Halt motorway and road expansion
Emphasise accessibility over vehicular mobility
Reduce traffic volume, consumption and use of cars and planes
Subsidise or tax relief to encourage citizens to live close to workplaces in order to reduce travel demand for commuting
Restricted car ownership (e.g. a lottery system for new car licence plates, congestion charging, limited driving days for cars)
Promote the substitution of short car trips (<5 km) with walking and cycling
Incentivise electric bikes to replace cars
Impose heavy tax increases on private transport","11, 22, 74, 91, 121, 141, 199, 200, 228, 319, 346, 396, 405, 408, 412, 428, 436, 445"
,,"Promote modal shift to active transport (e.g. walking, cycling)","Proactive building of cycling infrastructure
Walkable neighbourhoods
Bike cargo transport (e.g. post office delivery, Cargonomia)","22, 67, 95, 121, 141, 199, 200, 228, 319, 366, 387, 408, 412, 420, 436, 445"
,,"Promote modal shift to public transport (e.g. bus, trolley bus, metro, rail)","More and better public transport services
Car sharing and carpooling
Free local public transport
Rapid ground-based intercity transport","67, 121, 199, 200, 295, 390, 396, 405, 436"
,,Limit high-speed transport infrastructure,"For example - roads, highways, high-speed trains, planes, airports, international shipping, cruise boats 
Protest constructions on and off site","46, 121, 190, 191, 199, 405"
,Land justice,Restrict the commodification of property,"Progressive property tax
Maximum quota for floor area per capita
Incentivise against empty dwellings (e.g. tax)
Rent caps and controls
Revitalization and/or (temporary) utilisation of vacant buildings (e.g. permaculture on vacant land)
Adequate and affordable housing for all
Establish land banks
Limit the scope of property domain (i.e. title and debt creation ability)
Public control of developable land releases
Limits to private property
Redefine and redistribute property rights to all","13, 22, 48, 62, 64, 102, 118, 120, 146, 151, 172, 199, 219, 228, 280, 289, 350, 396, 399, 407, 408, 409, 412, 415, 422, 436, 443, 445"
,,Increase social housing,"Increase public social housing
Nationalisation of vacant housing/property
Expropriate large landowners
Redensification policies","47, 64, 102, 146, 199, 390, 412, 420, 436"
,Socially useful and ecological sensitive planning,Reduce the level of urban built environment,"Urban consolidation
Limit urban sprawl and gentrification
Cap land use for human settlements at national and international levels
Cap housing stock (number of houses)
Control the development of holiday homes
Cap household floor area (per capita in m2)
Ban construction of detached single-family homes
Limit mobility and constrain car ownership
Ban developments on agricultural land
Localise and reduce archaeological servicesOpen localism","64, 102, 121, 141, 146, 199, 208, 258, 263, 280, 295, 350, 376, 408, 410, 412, 428, 439, 439, 443, 445"
,,Retrofit existing buildings,"Public houses with passive design
Apply incentives and benefits for class-conscious urban rehabilitation","72, 146, 166, 191, 295, 390, 408, 409, 410, 412, 428, 436, 445"
,,Increase social-ecological standards for new buildings,,"193, 199, 295"
,,Encourage small cities,"For example - Cittaslow standard of 50,000–60,000 people","359, 405, 413"
Work,Reconceptualise work,Reduce time in paid waged labour,"Work-time reduction policy options include: 
21-h working week, 
Stepped reduction in working week [i.e. 35hrs–28hrs - 21hrs], 
21 or 30 h weeks, 
5 × 6hr working days, 
Ban work 21-06 unless vital for economy, 
10–20 h weeks, 
4hr work days, 
Fridays off, 20–30 h weeks, 
20 h week, 
1–2 days per week for money, 
Reduce from 35 to 30 hrs/wk within 5 years)

Gender-sensitive job sharing
Workplace democracy
Limit working hours
Increase holidays
Increase maternity and paternity leave
Increase sick leave
Establish pre-retirement transitions","9, 11, 20, 22, 24, 28, 30, 32, 34, 47, 48, 60, 61, 71, 72, 74, 85, 87, 93, 94, 97, 99, 100, 113, 120, 128, 145, 173, 179, 181, 188, 191, 198, 209, 214, 231, 266, 273, 282, 284, 311, 312, 339, 345, 355, 358, 369, 371, 376, 384, 386, 387, 390, 393, 400, 401, 404, 405, 407, 408, 409, 410, 411, 413, 415, 416, 419, 420, 422, 428, 435, 436, 442, 444"
,,Reallocate productivity gains into working less (and job creation),,"11, 94, 120, 168, 282, 284, 311, 369, 390, 393, 405"
,,Rights to part-time,Legal facilitation of “short week” transition programs and/or legislation,"34, 93, 327, 404"
,,Self-defined work,,"14, 290, 442"
,Low unemployment,Job guarantee (with living wage),"Aimed at care work, habitat restoration, and community services
Environmental community development workers (previously unemployed and/or young people trained to address sustainability issues in their own communities)","22, 66, 120, 179, 266, 284, 345, 358, 369, 375, 387, 390, 396, 400, 404, 416, 429, 435, 442, 444"
,,Job sharing,,"99, 351, 428, 429, 435"
,Redistribute (re)productive activities,,"Fund pensions according to unpaid care work contributions
Incentivise men to equitably share care work
Expand community volunteering","5, 34, 54, 74, 99, 104, 108, 168, 192, 231, 306, 313, 356, 406, 408, 413, 415, 429, 436, 444"
,Social ecological jobs,Proactive retraining and procurement programs,"Increase government support for:
(Re)training both directly and through funding nonprofit or community organisations to help redevelop basic household skills (e.g. social farms)
Renewable energy production 
Environmental reclamation and management
Ecological restoration work","45, 93, 256, 295, 313, 358, 390, 393, 436"